group_name,file_name,nodule_name,nodule_size(pixels),nodule_size(mm2)
302 ts Soil,IMG_0307,IMG_0307_1,4458,84.515780424
302 ts Soil,IMG_0307,IMG_0307_2,110,2.08540508
302 ts Soil,IMG_0307,IMG_0307_3,1368,25.934855904
302 ts Soil,IMG_0307,IMG_0307_4,2647,50.182429516
302 ts Soil,IMG_0307,IMG_0307_5,1292,24.494030576
302 ts Soil,IMG_0307,IMG_0307_6,559,10.597649452
302 ts Soil,IMG_0307,IMG_0307_7,3402,64.495891656
302 ts Soil,IMG_0307,IMG_0307_8,1535,29.100879980000002
302 ts Soil,IMG_0307,IMG_0307_9,249,4.720598772
302 ts Soil,IMG_0307,IMG_0307_10,982,18.616979896
302 ts Soil,IMG_0307,IMG_0307_11,6115,115.92956422
302 ts Soil,IMG_0307,IMG_0307_12,149,2.8247759720000003
302 ts Soil,IMG_0307,IMG_0307_13,1984,37.613124352
302 ts Soil,IMG_0307,IMG_0307_14,2354,44.627668712
302 ts Soil,IMG_0307,IMG_0307_15,73,1.383950644
302 ts Soil,IMG_0307,IMG_0307_16,248,4.701640544
302 ts Soil,IMG_0307,IMG_0307_17,3991,75.662287948
302 ts Soil,IMG_0307,IMG_0307_18,2184,41.404769952
302 ts Soil,IMG_0307,IMG_0307_19,599,11.355978572
302 ts Soil,IMG_0307,IMG_0307_20,1674,31.736073672
302 ts Soil,IMG_0307,IMG_0307_21,1547,29.328378716
302 ts Soil,IMG_0307,IMG_0307_22,803,15.223457084
302 ts Soil,IMG_0307,IMG_0307_23,414,7.848706392
302 ts Soil,IMG_0307,IMG_0307_24,6183,117.218723724
302 ts Soil,IMG_0307,IMG_0307_25,492,9.327448176
302 ts Soil,IMG_0307,IMG_0307_26,1125,21.3280065
302 ts Soil,IMG_0307,IMG_0307_27,2771,52.533249788
302 ts Soil,IMG_0307,IMG_0307_28,4481,84.951819668
302 ts Soil,IMG_0307,IMG_0307_29,939,17.801776092
302 ts Soil,IMG_0307,IMG_0307_30,3560,67.49129168
205 ps Water,IMG_0636,IMG_0636_1,1357,26.774796018
205 ps Water,IMG_0636,IMG_0636_2,3593,70.893030282
205 ps Water,IMG_0636,IMG_0636_3,5338,105.323405412
205 ps Water,IMG_0636,IMG_0636_4,4429,87.38804094599999
205 ps Water,IMG_0636,IMG_0636_5,420,8.28696708
205 ps Water,IMG_0636,IMG_0636_6,966,19.060024284
205 ps Water,IMG_0636,IMG_0636_7,908,17.915633592
205 ps Water,IMG_0636,IMG_0636_8,2012,39.698518488
205 ps Water,IMG_0636,IMG_0636_9,1322,26.084215428
205 ps Water,IMG_0636,IMG_0636_10,10495,207.07552263
205 ps Water,IMG_0636,IMG_0636_11,3303,65.171076822
205 ps Water,IMG_0636,IMG_0636_12,1037,20.460916338
205 ps Water,IMG_0636,IMG_0636_13,2845,56.13433653
205 ps Water,IMG_0636,IMG_0636_14,76,1.4995464239999998
205 ps Water,IMG_0636,IMG_0636_15,2751,54.279634374
205 ps Water,IMG_0636,IMG_0636_16,840,16.57393416
205 ps Water,IMG_0636,IMG_0636_17,1209,23.854626665999998
205 ps Water,IMG_0636,IMG_0636_18,1189,23.460009185999997
205 ps Water,IMG_0636,IMG_0636_19,838,16.534472412
205 ps Water,IMG_0636,IMG_0636_20,2369,46.742440505999994
205 ps Water,IMG_0636,IMG_0636_21,206,4.064560043999999
205 ps Water,IMG_0636,IMG_0636_22,521,10.279785354
205 ps Water,IMG_0636,IMG_0636_23,766,15.113849484
205 ps Water,IMG_0636,IMG_0636_24,310,6.11657094
205 ps Water,IMG_0636,IMG_0636_25,1823,35.969383302
205 ps Water,IMG_0636,IMG_0636_26,836,16.495010664
205 ps Water,IMG_0636,IMG_0636_27,908,17.915633592
205 ps Water,IMG_0636,IMG_0636_28,1325,26.143408049999998
205 ps Water,IMG_0636,IMG_0636_29,1044,20.599032456
205 ps Water,IMG_0636,IMG_0636_30,633,12.489643242
205 ps Water,IMG_0636,IMG_0636_31,178,3.5120955719999998
205 ps Water,IMG_0636,IMG_0636_32,1944,38.356819056
205 ps Water,IMG_0636,IMG_0636_33,359,7.083383766
205 ps Water,IMG_0636,IMG_0636_34,5051,99.66064457399999
205 ps Water,IMG_0636,IMG_0636_35,421,8.306697953999999
205 ps Water,IMG_0636,IMG_0636_36,1201,23.696779674
205 ps Water,IMG_0636,IMG_0636_37,948,18.704868552
205 ps Water,IMG_0636,IMG_0636_38,2179,42.993574446
205 ps Water,IMG_0636,IMG_0636_39,417,8.227774457999999
205 ps Water,IMG_0636,IMG_0636_40,8443,166.587769182
205 ps Water,IMG_0636,IMG_0636_41,285,5.62329909
205 ps Water,IMG_0636,IMG_0636_42,488,9.628666511999999
205 ps Water,IMG_0636,IMG_0636_43,1423,28.077033701999998
205 ps Water,IMG_0636,IMG_0636_44,1669,32.930828706
203 ts Water,IMG_0672,IMG_0672_1,5552,108.605658976
203 ts Water,IMG_0672,IMG_0672_2,79,1.545361502
203 ts Water,IMG_0672,IMG_0672_3,2196,42.957137448
203 ts Water,IMG_0672,IMG_0672_4,1124,21.987168712
203 ts Water,IMG_0672,IMG_0672_5,219,4.283976822
203 ts Water,IMG_0672,IMG_0672_6,1186,23.199984068
203 ts Water,IMG_0672,IMG_0672_7,1623,31.748376174
203 ts Water,IMG_0672,IMG_0672_8,179,3.501515302
203 ts Water,IMG_0672,IMG_0672_9,907,17.742314966
203 ts Water,IMG_0672,IMG_0672_10,940,18.38784572
203 ts Water,IMG_0672,IMG_0672_11,705,13.79088429
203 ts Water,IMG_0672,IMG_0672_12,1911,37.382099118
203 ts Water,IMG_0672,IMG_0672_13,328,6.416184464
203 ts Water,IMG_0672,IMG_0672_14,598,11.697799724
203 ts Water,IMG_0672,IMG_0672_15,675,13.20403815
203 ts Water,IMG_0672,IMG_0672_16,3971,77.678867398
203 ts Water,IMG_0672,IMG_0672_17,1665,32.56996077
203 ts Water,IMG_0672,IMG_0672_18,227,4.440469126
203 ts Water,IMG_0672,IMG_0672_19,1504,29.420553152
203 ts Water,IMG_0672,IMG_0672_20,1019,19.933207222
203 ts Water,IMG_0672,IMG_0672_21,1338,26.173337844
203 ts Water,IMG_0672,IMG_0672_22,1224,23.943322511999998
203 ts Water,IMG_0672,IMG_0672_23,317,6.201007546
203 ts Water,IMG_0672,IMG_0672_24,2497,48.845160385999996
203 ts Water,IMG_0672,IMG_0672_25,1995,39.02526831
203 ts Water,IMG_0672,IMG_0672_26,1155,22.59357639
203 ts Water,IMG_0672,IMG_0672_27,564,11.032707432
203 ts Water,IMG_0672,IMG_0672_28,1828,35.758491464
203 ts Water,IMG_0672,IMG_0672_29,141,2.758176858
203 ts Water,IMG_0672,IMG_0672_30,454,8.880938252
203 ts Water,IMG_0672,IMG_0672_31,559,10.934899742
203 ts Water,IMG_0672,IMG_0672_32,1705,33.35242229
203 ts Water,IMG_0672,IMG_0672_33,251,4.909946038
203 ts Water,IMG_0672,IMG_0672_34,1741,34.056637658
203 ts Water,IMG_0672,IMG_0672_35,158,3.090723004
203 ts Water,IMG_0672,IMG_0672_36,387,7.570315206
203 ts Water,IMG_0672,IMG_0672_37,807,15.786161166
203 ts Water,IMG_0672,IMG_0672_38,352,6.885661376
203 ts Water,IMG_0672,IMG_0672_39,1800,35.2107684
203 ts Water,IMG_0672,IMG_0672_40,2908,56.884952504
203 ts Water,IMG_0672,IMG_0672_41,78,1.525799964
203 ts Water,IMG_0672,IMG_0672_42,741,14.495099657999999
203 ts Water,IMG_0672,IMG_0672_43,772,15.101507336
203 ts Water,IMG_0672,IMG_0672_44,2488,48.669106544
203 ts Water,IMG_0672,IMG_0672_45,77,1.506238426
203 ts Water,IMG_0672,IMG_0672_46,220,4.30353836
203 ts Water,IMG_0672,IMG_0672_47,502,9.819892076
203 ts Water,IMG_0672,IMG_0672_48,182,3.560199916
203 ts Water,IMG_0672,IMG_0672_49,1744,34.115322272
203 ts Water,IMG_0672,IMG_0672_50,708,13.849568904
203 ts Water,IMG_0672,IMG_0672_51,703,13.751761214
203 ts Water,IMG_0672,IMG_0672_52,842,16.470814996
203 ts Water,IMG_0672,IMG_0672_53,461,9.017869018
203 ts Water,IMG_0672,IMG_0672_54,397,7.765930586
203 ts Water,IMG_0672,IMG_0672_55,671,13.125791998
203 ts Water,IMG_0672,IMG_0672_56,1043,20.402684134
203 ts Water,IMG_0672,IMG_0672_57,3319,64.924744622
203 ts Water,IMG_0672,IMG_0672_58,675,13.20403815
203 ts Water,IMG_0672,IMG_0672_59,849,16.607745762
203 ts Water,IMG_0672,IMG_0672_60,804,15.727476552
203 ts Water,IMG_0672,IMG_0672_61,113,2.210453794
203 ts Water,IMG_0672,IMG_0672_62,1611,31.513637718
203 ts Water,IMG_0672,IMG_0672_63,3840,75.11630592
203 ts Water,IMG_0672,IMG_0672_64,1833,35.856299154
203 ts Water,IMG_0672,IMG_0672_65,392,7.668122896
203 ts Water,IMG_0672,IMG_0672_66,806,15.766599628
203 ts Water,IMG_0672,IMG_0672_67,113,2.210453794
203 ts Water,IMG_0672,IMG_0672_68,75,1.46711535
203 ts Water,IMG_0672,IMG_0672_69,2053,40.159837514
203 ts Water,IMG_0672,IMG_0672_70,936,18.309599568
203 ts Water,IMG_0672,IMG_0672_71,736,14.397291968
203 ts Water,IMG_0672,IMG_0672_72,209,4.088361442
203 ts Water,IMG_0672,IMG_0672_73,1553,30.379068514
203 ts Water,IMG_0672,IMG_0672_74,771,15.081945798
203 ts Water,IMG_0672,IMG_0672_75,388,7.589876744
203 ts Water,IMG_0672,IMG_0672_76,914,17.879245732
203 ts Water,IMG_0672,IMG_0672_77,493,9.643838234
203 ts Water,IMG_0672,IMG_0672_78,917,17.937930345999998
203 ts Water,IMG_0672,IMG_0672_79,251,4.909946038
203 ts Water,IMG_0672,IMG_0672_80,1301,25.449560938
203 ts Water,IMG_0672,IMG_0672_81,1339,26.192899382
203 ts Water,IMG_0672,IMG_0672_82,322,6.298815236
203 ts Water,IMG_0672,IMG_0672_83,493,9.643838234
203 ts Water,IMG_0672,IMG_0672_84,74,1.447553812
203 ts Water,IMG_0672,IMG_0672_85,364,7.120399832
203 ts Water,IMG_0672,IMG_0672_86,491,9.604715158
201 ts Soil,IMG_0739,IMG_0739_1,870,16.93057671
201 ts Soil,IMG_0739,IMG_0739_2,1096,21.328634568
201 ts Soil,IMG_0739,IMG_0739_3,1171,22.788167042999998
201 ts Soil,IMG_0739,IMG_0739_4,422,8.212302725999999
201 ts Soil,IMG_0739,IMG_0739_5,948,18.448490484
201 ts Soil,IMG_0739,IMG_0739_6,431,8.387446622999999
201 ts Soil,IMG_0739,IMG_0739_7,1905,37.072124865
201 ts Soil,IMG_0739,IMG_0739_8,397,7.725791901
201 ts Soil,IMG_0739,IMG_0739_9,907,17.650612731
201 ts Soil,IMG_0739,IMG_0739_10,1213,23.605505229
201 ts Soil,IMG_0739,IMG_0739_11,1636,31.837268388
201 ts Soil,IMG_0739,IMG_0739_12,1420,27.633814859999998
201 ts Soil,IMG_0739,IMG_0739_13,505,9.827518665
201 ts Soil,IMG_0739,IMG_0739_14,184,3.580719672
201 ts Soil,IMG_0739,IMG_0739_15,422,8.212302725999999
201 ts Soil,IMG_0739,IMG_0739_16,702,13.661223966
201 ts Soil,IMG_0739,IMG_0739_17,732,14.245036956
201 ts Soil,IMG_0739,IMG_0739_18,843,16.405145019
201 ts Soil,IMG_0739,IMG_0739_19,4231,82.337092023
201 ts Soil,IMG_0739,IMG_0739_20,2282,44.408708106
201 ts Soil,IMG_0739,IMG_0739_21,78,1.517913774
201 ts Soil,IMG_0739,IMG_0739_22,919,17.884137926999998
201 ts Soil,IMG_0739,IMG_0739_23,464,9.029640912
201 ts Soil,IMG_0739,IMG_0739_24,563,10.956223779
201 ts Soil,IMG_0739,IMG_0739_25,493,9.593993468999999
201 ts Soil,IMG_0739,IMG_0739_26,1266,24.636908178
201 ts Soil,IMG_0739,IMG_0739_27,80,1.55683464
201 ts Soil,IMG_0739,IMG_0739_28,312,6.071655096
201 ts Soil,IMG_0739,IMG_0739_29,3079,59.918673207
201 ts Soil,IMG_0739,IMG_0739_30,427,8.309604891
201 ts Soil,IMG_0739,IMG_0739_31,389,7.570108437
201 ts Soil,IMG_0739,IMG_0739_32,1820,35.41798806
201 ts Soil,IMG_0739,IMG_0739_33,1654,32.187556182
201 ts Soil,IMG_0739,IMG_0739_34,305,5.935432065
201 ts Soil,IMG_0739,IMG_0739_35,1345,26.174282384999998
201 ts Soil,IMG_0739,IMG_0739_36,284,5.526762972
201 ts Soil,IMG_0739,IMG_0739_37,1948,37.908923484
201 ts Soil,IMG_0739,IMG_0739_38,981,19.090684773
104 ps Soil,IMG_0474,IMG_0474_1,1616,32.103006752
104 ps Soil,IMG_0474,IMG_0474_2,635,12.61473347
104 ps Soil,IMG_0474,IMG_0474_3,862,17.124252364
104 ps Soil,IMG_0474,IMG_0474_4,1692,33.612801624
104 ps Soil,IMG_0474,IMG_0474_5,2063,40.982984486
104 ps Soil,IMG_0474,IMG_0474_6,1048,20.819276656
104 ps Soil,IMG_0474,IMG_0474_7,4760,94.56083672
104 ps Soil,IMG_0474,IMG_0474_8,2913,57.868848185999994
104 ps Soil,IMG_0474,IMG_0474_9,735,14.601305669999999
104 ps Soil,IMG_0474,IMG_0474_10,2494,49.545110668
104 ps Soil,IMG_0474,IMG_0474_11,1884,37.427020248
104 ps Soil,IMG_0474,IMG_0474_12,765,15.197277329999999
104 ps Soil,IMG_0474,IMG_0474_13,624,12.396210528
104 ps Soil,IMG_0474,IMG_0474_14,2640,52.445506079999994
104 ps Soil,IMG_0474,IMG_0474_15,1635,32.480455469999995
104 ps Soil,IMG_0474,IMG_0474_16,3026,60.113674771999996
104 ps Soil,IMG_0474,IMG_0474_17,310,6.1583738199999996
104 ps Soil,IMG_0474,IMG_0474_18,1344,26.699530367999998
104 ps Soil,IMG_0474,IMG_0474_19,983,19.528004726
104 ps Soil,IMG_0474,IMG_0474_20,5553,110.314354266
104 ps Soil,IMG_0474,IMG_0474_21,4966,98.653175452
104 ps Soil,IMG_0474,IMG_0474_22,2549,50.637725378
104 ps Soil,IMG_0474,IMG_0474_23,2495,49.56497639
104 ps Soil,IMG_0474,IMG_0474_24,9374,186.221278028
104 ps Soil,IMG_0474,IMG_0474_25,935,18.574450069999997
104 ps Soil,IMG_0474,IMG_0474_26,3617,71.854316474
104 ps Soil,IMG_0474,IMG_0474_27,422,8.383334684
104 ps Soil,IMG_0474,IMG_0474_28,1425,28.30865385
104 ps Soil,IMG_0474,IMG_0474_29,1417,28.149728074
104 ps Soil,IMG_0474,IMG_0474_30,1523,30.255494606
104 ps Soil,IMG_0474,IMG_0474_31,9304,184.830677488
104 ps Soil,IMG_0474,IMG_0474_32,2119,42.095464918
104 ps Soil,IMG_0474,IMG_0474_33,316,6.277568152
104 ps Soil,IMG_0474,IMG_0474_34,4714,93.647013508
104 ps Soil,IMG_0474,IMG_0474_35,1159,23.024371797999997
104 ps Soil,IMG_0474,IMG_0474_36,523,10.389772606
104 ps Soil,IMG_0474,IMG_0474_37,2148,42.671570855999995
104 ps Soil,IMG_0474,IMG_0474_38,320,6.35703104
104 ps Soil,IMG_0474,IMG_0474_39,1518,30.156165996
104 ps Soil,IMG_0474,IMG_0474_40,2012,39.969832663999995
104 ps Soil,IMG_0474,IMG_0474_41,922,18.316195684
104 ps Soil,IMG_0474,IMG_0474_42,699,13.886139678
104 ps Soil,IMG_0474,IMG_0474_43,3743,74.357397446
104 ps Soil,IMG_0474,IMG_0474_44,995,19.766393389999998
104 ps Soil,IMG_0474,IMG_0474_45,1638,32.540052636
104 ps Soil,IMG_0474,IMG_0474_46,2958,58.762805676
104 ps Soil,IMG_0474,IMG_0474_47,805,15.99190621
104 ps Soil,IMG_0474,IMG_0474_48,735,14.601305669999999
104 ps Soil,IMG_0474,IMG_0474_49,2208,43.863514175999995
104 ps Soil,IMG_0474,IMG_0474_50,912,18.117538464
104 ps Soil,IMG_0474,IMG_0474_51,2932,58.246296904
104 ps Soil,IMG_0474,IMG_0474_52,3603,71.57619636599999
104 ps Soil,IMG_0474,IMG_0474_53,1057,20.998068154
104 ps Soil,IMG_0474,IMG_0474_54,863,17.144118086
104 ps Soil,IMG_0474,IMG_0474_55,4936,98.057203792
104 ps Soil,IMG_0474,IMG_0474_56,1309,26.004230097999997
104 ps Soil,IMG_0474,IMG_0474_57,1151,22.865446022
104 ps Soil,IMG_0474,IMG_0474_58,738,14.660902836
104 ps Soil,IMG_0474,IMG_0474_59,420,8.34360324
104 ps Soil,IMG_0474,IMG_0474_60,1007,20.004782054
104 ps Soil,IMG_0474,IMG_0474_61,1417,28.149728074
104 ps Soil,IMG_0474,IMG_0474_62,355,7.05233131
104 ps Soil,IMG_0474,IMG_0474_63,211,4.191667342
104 ps Soil,IMG_0474,IMG_0474_64,485,9.634875169999999
104 ps Soil,IMG_0474,IMG_0474_65,865,17.18384953
104 ps Soil,IMG_0474,IMG_0474_66,489,9.714338058
104 ps Soil,IMG_0474,IMG_0474_67,587,11.661178814
104 ps Soil,IMG_0474,IMG_0474_68,1295,25.726109989999998
104 ps Soil,IMG_0474,IMG_0474_69,1920,38.14218624
104 ps Soil,IMG_0474,IMG_0474_70,75,1.4899291499999998
104 ps Soil,IMG_0474,IMG_0474_71,1803,35.817896766
104 ps Soil,IMG_0474,IMG_0474_72,186,3.695024292
104 ps Soil,IMG_0474,IMG_0474_73,313,6.217970985999999
104 ps Soil,IMG_0474,IMG_0474_74,204,4.052607288
104 ps Soil,IMG_0474,IMG_0474_75,528,10.489101216
104 ps Soil,IMG_0474,IMG_0474_76,318,6.317299596
104 ps Soil,IMG_0474,IMG_0474_77,379,7.529108637999999
104 ps Soil,IMG_0474,IMG_0474_78,456,9.058769232
104 ps Soil,IMG_0474,IMG_0474_79,528,10.489101216
104 ps Soil,IMG_0474,IMG_0474_80,355,7.05233131
104 ps Soil,IMG_0474,IMG_0474_81,498,9.893129556
104 ps Soil,IMG_0474,IMG_0474_82,1267,25.169869774
104 ps Soil,IMG_0474,IMG_0474_83,317,6.297433873999999
104 ps Soil,IMG_0474,IMG_0474_84,1072,21.296053984
104 ps Soil,IMG_0474,IMG_0474_85,2447,48.611421734
104 ps Soil,IMG_0474,IMG_0474_86,384,7.628437247999999
101 ts Water,IMG_0177,IMG_0177_1,559,9.415574076999999
101 ts Water,IMG_0177,IMG_0177_2,5548,93.44830944399999
101 ts Water,IMG_0177,IMG_0177_3,1642,27.657196126
101 ts Water,IMG_0177,IMG_0177_4,272,4.581460015999999
101 ts Water,IMG_0177,IMG_0177_5,1194,20.111261982
101 ts Water,IMG_0177,IMG_0177_6,8879,149.55435103699998
101 ts Water,IMG_0177,IMG_0177_7,3942,66.39748302599999
101 ts Water,IMG_0177,IMG_0177_8,1357,22.856769270999997
101 ts Water,IMG_0177,IMG_0177_9,2532,42.648002796
101 ts Water,IMG_0177,IMG_0177_10,175,2.9476305249999997
101 ts Water,IMG_0177,IMG_0177_11,1671,28.145660612999997
101 ts Water,IMG_0177,IMG_0177_12,3547,59.744259840999995
101 ts Water,IMG_0177,IMG_0177_13,1208,20.347072423999997
101 ts Water,IMG_0177,IMG_0177_14,5564,93.71780709199999
101 ts Water,IMG_0177,IMG_0177_15,2015,33.939860044999996
101 ts Water,IMG_0177,IMG_0177_16,1482,24.962219645999998
101 ts Water,IMG_0177,IMG_0177_17,1598,26.916077593999997
101 ts Water,IMG_0177,IMG_0177_18,385,6.484787154999999
101 ts Water,IMG_0177,IMG_0177_19,1341,22.587271623
101 ts Water,IMG_0177,IMG_0177_20,1550,26.107584649999996
101 ts Water,IMG_0177,IMG_0177_21,660,11.116777979999998
101 ts Water,IMG_0177,IMG_0177_22,494,8.320739882
101 ts Water,IMG_0177,IMG_0177_23,1433,24.136883099
101 ts Water,IMG_0177,IMG_0177_24,1346,22.671489637999997
101 ts Water,IMG_0177,IMG_0177_25,668,11.251526804
101 ts Water,IMG_0177,IMG_0177_26,383,6.451099949
101 ts Water,IMG_0177,IMG_0177_27,1209,20.363916027
101 ts Water,IMG_0177,IMG_0177_28,313,5.272047739
101 ts Water,IMG_0177,IMG_0177_29,3453,58.160961158999996
101 ts Water,IMG_0177,IMG_0177_30,10233,172.36058949899999
101 ts Water,IMG_0177,IMG_0177_31,73,1.2295830189999999
106 ps Water,IMG_0407,IMG_0407_1,3297,62.943162177
106 ps Water,IMG_0407,IMG_0407_2,2679,51.144898839
106 ps Water,IMG_0407,IMG_0407_3,139,2.653654699
106 ps Water,IMG_0407,IMG_0407_4,363,6.930047882999999
106 ps Water,IMG_0407,IMG_0407_5,4496,85.833320336
106 ps Water,IMG_0407,IMG_0407_6,6805,129.914534005
106 ps Water,IMG_0407,IMG_0407_7,1558,29.743841877999998
106 ps Water,IMG_0407,IMG_0407_8,2899,55.344927859
106 ps Water,IMG_0407,IMG_0407_9,1020,19.47286182
106 ps Water,IMG_0407,IMG_0407_10,109,2.080923469
106 ps Water,IMG_0407,IMG_0407_11,3185,60.804965585
106 ps Water,IMG_0407,IMG_0407_12,5825,111.20531382499999
106 ps Water,IMG_0407,IMG_0407_13,111,2.119105551
106 ps Water,IMG_0407,IMG_0407_14,214,4.085482774
106 ps Water,IMG_0407,IMG_0407_15,2348,44.825764268
106 ps Water,IMG_0407,IMG_0407_16,2256,43.069388496
106 ps Water,IMG_0407,IMG_0407_17,1550,29.59111355
106 ps Water,IMG_0407,IMG_0407_18,727,13.879186807
106 ps Water,IMG_0407,IMG_0407_19,425,8.113692425
106 ps Water,IMG_0407,IMG_0407_20,903,17.239210023
106 ps Water,IMG_0407,IMG_0407_21,1182,22.565610462
106 ps Water,IMG_0407,IMG_0407_22,839,16.017383399
106 ps Water,IMG_0407,IMG_0407_23,2342,44.711218022
106 ps Water,IMG_0407,IMG_0407_24,2188,41.771197708
106 ps Water,IMG_0407,IMG_0407_25,3914,74.722334474
106 ps Water,IMG_0407,IMG_0407_26,1490,28.44565109
106 ps Water,IMG_0407,IMG_0407_27,842,16.074656521999998
106 ps Water,IMG_0407,IMG_0407_28,1272,24.283804152
106 ps Water,IMG_0407,IMG_0407_29,796,15.196468636
106 ps Water,IMG_0407,IMG_0407_30,3579,68.326835739
106 ps Water,IMG_0407,IMG_0407_31,356,6.796410595999999
106 ps Water,IMG_0407,IMG_0407_32,1317,25.142900996999998
106 ps Water,IMG_0407,IMG_0407_33,525,10.022796525
106 ps Water,IMG_0407,IMG_0407_34,1117,21.324692797
106 ps Water,IMG_0407,IMG_0407_35,3003,57.330396123
106 ps Water,IMG_0407,IMG_0407_36,175,3.340932175
106 ps Water,IMG_0407,IMG_0407_37,912,17.411029392
106 ps Water,IMG_0407,IMG_0407_38,4603,87.87606172299999
106 ps Water,IMG_0407,IMG_0407_39,524,10.003705484
106 ps Water,IMG_0407,IMG_0407_40,4317,82.416023997
106 ps Water,IMG_0407,IMG_0407_41,567,10.824620247
106 ps Water,IMG_0407,IMG_0407_42,935,17.850123335
106 ps Water,IMG_0407,IMG_0407_43,592,11.301896272
106 ps Water,IMG_0407,IMG_0407_44,7699,146.981924659
106 ps Water,IMG_0407,IMG_0407_45,2119,40.453915879
106 ps Water,IMG_0407,IMG_0407_46,1707,32.588406987
106 ps Water,IMG_0407,IMG_0407_47,602,11.492806682
106 ps Water,IMG_0407,IMG_0407_48,353,6.7391374729999995
106 ps Water,IMG_0407,IMG_0407_49,283,5.402764603
106 ps Water,IMG_0407,IMG_0407_50,897,17.124663777
106 ps Water,IMG_0407,IMG_0407_51,487,9.297336967
106 ps Water,IMG_0407,IMG_0407_52,772,14.738283652
106 ps Water,IMG_0407,IMG_0407_53,350,6.68186435
106 ps Water,IMG_0407,IMG_0407_54,595,11.359169395
106 ps Water,IMG_0407,IMG_0407_55,110,2.10001451
106 ps Water,IMG_0407,IMG_0407_56,629,12.008264789
106 ps Water,IMG_0407,IMG_0407_57,112,2.138196592
106 ps Water,IMG_0407,IMG_0407_58,423,8.075510343
106 ps Water,IMG_0407,IMG_0407_59,801,15.291923841
106 ps Water,IMG_0407,IMG_0407_60,626,11.950991666
106 ps Water,IMG_0407,IMG_0407_61,738,14.089188258
106 ps Water,IMG_0407,IMG_0407_62,1140,21.76378674
106 ps Water,IMG_0407,IMG_0407_63,904,17.258301064
106 ps Water,IMG_0407,IMG_0407_64,1118,21.343783838
106 ps Water,IMG_0407,IMG_0407_65,1532,29.247474812
106 ps Water,IMG_0407,IMG_0407_66,2379,45.417586539
106 ps Water,IMG_0407,IMG_0407_67,2662,50.820351142
106 ps Water,IMG_0407,IMG_0407_68,204,3.894572364
106 ps Water,IMG_0407,IMG_0407_69,2530,48.30033373
106 ps Water,IMG_0407,IMG_0407_70,247,4.715487127
106 ps Water,IMG_0407,IMG_0407_71,241,4.600940881
106 ps Water,IMG_0407,IMG_0407_72,2530,48.30033373
106 ps Water,IMG_0407,IMG_0407_73,1222,23.329252101999998
106 ps Water,IMG_0407,IMG_0407_74,1457,27.815646736999998
106 ps Water,IMG_0407,IMG_0407_75,74,1.412737034
106 ps Water,IMG_0407,IMG_0407_76,1036,19.778318476
106 ps Water,IMG_0407,IMG_0407_77,162,3.092748642
106 ps Water,IMG_0407,IMG_0407_78,1984,37.876625344
106 ps Water,IMG_0407,IMG_0407_79,3774,72.049588734
106 ps Water,IMG_0407,IMG_0407_80,252,4.810942332
106 ps Water,IMG_0407,IMG_0407_81,631,12.046446871
106 ps Water,IMG_0407,IMG_0407_82,213,4.066391733
106 ps Water,IMG_0407,IMG_0407_83,454,8.667332614
106 ps Water,IMG_0407,IMG_0407_84,80,1.52728328
106 ps Water,IMG_0407,IMG_0407_85,1215,23.195614815
106 ps Water,IMG_0407,IMG_0407_86,739,14.108279299
106 ps Water,IMG_0407,IMG_0407_87,1453,27.739282573
106 ps Water,IMG_0407,IMG_0407_88,187,3.5700246669999998
106 ps Water,IMG_0407,IMG_0407_89,1042,19.892864722
106 ps Water,IMG_0407,IMG_0407_90,355,6.777319555
106 ps Water,IMG_0407,IMG_0407_91,355,6.777319555
106 ps Water,IMG_0407,IMG_0407_92,423,8.075510343
106 ps Water,IMG_0407,IMG_0407_93,462,8.820060942
106 ps Water,IMG_0407,IMG_0407_94,727,13.879186807
106 ps Water,IMG_0407,IMG_0407_95,179,3.417296339
103 ts Soil+Leaf,IMG_0239,IMG_0239_1,1231,23.035550355999998
103 ts Soil+Leaf,IMG_0239,IMG_0239_2,1708,31.961592208
103 ts Soil+Leaf,IMG_0239,IMG_0239_3,1356,25.374659856
103 ts Soil+Leaf,IMG_0239,IMG_0239_4,502,9.393863752
103 ts Soil+Leaf,IMG_0239,IMG_0239_5,636,11.901389136
103 ts Soil+Leaf,IMG_0239,IMG_0239_6,873,16.336340748
103 ts Soil+Leaf,IMG_0239,IMG_0239_7,1117,20.902282492
103 ts Soil+Leaf,IMG_0239,IMG_0239_8,742,13.884953992
103 ts Soil+Leaf,IMG_0239,IMG_0239_9,952,17.814657952
103 ts Soil+Leaf,IMG_0239,IMG_0239_10,389,7.279308764
103 ts Soil+Leaf,IMG_0239,IMG_0239_11,1156,21.632084656
103 ts Soil+Leaf,IMG_0239,IMG_0239_12,949,17.758519323999998
103 ts Soil+Leaf,IMG_0239,IMG_0239_13,748,13.997231248
103 ts Soil+Leaf,IMG_0239,IMG_0239_14,179,3.349604804
103 ts Soil+Leaf,IMG_0239,IMG_0239_15,185,3.4618820599999998
103 ts Soil+Leaf,IMG_0239,IMG_0239_16,455,8.51435858
103 ts Soil+Leaf,IMG_0239,IMG_0239_17,251,4.696931876
103 ts Soil+Leaf,IMG_0239,IMG_0239_18,110,2.05841636
103 ts Soil+Leaf,IMG_0239,IMG_0239_19,2067,38.679514692
103 ts Soil+Leaf,IMG_0239,IMG_0239_20,463,8.664061588
103 ts Soil+Leaf,IMG_0239,IMG_0239_21,2172,40.644366672
103 ts Soil+Leaf,IMG_0239,IMG_0239_22,2033,38.043276908
103 ts Soil+Leaf,IMG_0239,IMG_0239_23,500,9.356438
103 ts Soil+Leaf,IMG_0239,IMG_0239_24,702,13.136438952
103 ts Soil+Leaf,IMG_0239,IMG_0239_25,985,18.43218286
103 ts Soil+Leaf,IMG_0239,IMG_0239_26,456,8.533071456
103 ts Soil+Leaf,IMG_0239,IMG_0239_27,916,17.140994415999998
103 ts Soil+Leaf,IMG_0239,IMG_0239_28,1597,29.884462972
103 ts Soil+Leaf,IMG_0239,IMG_0239_29,1615,30.22129474
103 ts Soil+Leaf,IMG_0239,IMG_0239_30,3140,58.75843064
103 ts Soil+Leaf,IMG_0239,IMG_0239_31,316,5.9132688159999995
103 ts Soil+Leaf,IMG_0239,IMG_0239_32,3013,56.381895388
103 ts Soil+Leaf,IMG_0239,IMG_0239_33,320,5.98812032
103 ts Soil+Leaf,IMG_0239,IMG_0239_34,1539,28.799116164
103 ts Soil+Leaf,IMG_0239,IMG_0239_35,497,9.300299372
103 ts Soil+Leaf,IMG_0239,IMG_0239_36,1626,30.427136376
103 ts Soil+Leaf,IMG_0239,IMG_0239_37,428,8.009110928
103 ts Soil+Leaf,IMG_0239,IMG_0239_38,988,18.488321488
103 ts Soil+Leaf,IMG_0239,IMG_0239_39,592,11.078022592
103 ts Soil+Leaf,IMG_0239,IMG_0239_40,144,2.694654144
103 ts Soil+Leaf,IMG_0239,IMG_0239_41,274,5.127328024
103 ts Soil+Leaf,IMG_0239,IMG_0239_42,1443,27.002680068
102 ts Soil,IMG_0208,IMG_0208_1,460,7.7720818000000005
102 ts Soil,IMG_0208,IMG_0208_2,701,11.84397683
102 ts Soil,IMG_0208,IMG_0208_3,3425,57.86821775
102 ts Soil,IMG_0208,IMG_0208_4,567,9.57993561
102 ts Soil,IMG_0208,IMG_0208_5,4645,78.48113035
102 ts Soil,IMG_0208,IMG_0208_6,567,9.57993561
102 ts Soil,IMG_0208,IMG_0208_7,74,1.25029142
102 ts Soil,IMG_0208,IMG_0208_8,1331,22.48834973
102 ts Soil,IMG_0208,IMG_0208_9,205,3.46364515
102 ts Soil,IMG_0208,IMG_0208_10,1025,17.31822575
102 ts Soil,IMG_0208,IMG_0208_11,591,9.98543553
102 ts Soil,IMG_0208,IMG_0208_12,120,2.0274996
102 ts Soil,IMG_0208,IMG_0208_13,1223,20.66360009
102 ts Soil,IMG_0208,IMG_0208_14,397,6.707644510000001
102 ts Soil,IMG_0208,IMG_0208_15,1001,16.91272583
102 ts Soil,IMG_0208,IMG_0208_16,1753,29.61838999
102 ts Soil,IMG_0208,IMG_0208_17,1697,28.672223510000002
102 ts Soil,IMG_0208,IMG_0208_18,1406,23.755536980000002
102 ts Soil,IMG_0208,IMG_0208_19,1672,28.249827760000002
102 ts Soil,IMG_0208,IMG_0208_20,1317,22.251808110000002
102 ts Soil,IMG_0208,IMG_0208_21,4036,68.19156988
102 ts Soil,IMG_0208,IMG_0208_22,694,11.72570602
102 ts Soil,IMG_0208,IMG_0208_23,1052,17.77441316
102 ts Soil,IMG_0208,IMG_0208_24,148,2.50058284
102 ts Soil,IMG_0208,IMG_0208_25,318,5.37287394
102 ts Soil,IMG_0208,IMG_0208_26,1006,16.99720498
102 ts Soil,IMG_0208,IMG_0208_27,1216,20.54532928
102 ts Soil,IMG_0208,IMG_0208_28,1167,19.71743361
102 ts Soil,IMG_0208,IMG_0208_29,2660,44.9429078
102 ts Soil,IMG_0208,IMG_0208_30,1143,19.31193369
102 ts Soil,IMG_0208,IMG_0208_31,466,7.873456780000001
102 ts Soil,IMG_0208,IMG_0208_32,1189,20.089141870000002
102 ts Soil,IMG_0208,IMG_0208_33,1789,30.22663987
102 ts Soil,IMG_0208,IMG_0208_34,417,7.04556111
102 ts Soil,IMG_0208,IMG_0208_35,183,3.09193689
102 ts Soil,IMG_0208,IMG_0208_36,1120,18.923329600000002
102 ts Soil,IMG_0208,IMG_0208_37,250,4.2239575
102 ts Soil,IMG_0208,IMG_0208_38,114,1.92612462
303 ps Soil+Leaf,IMG_0372,IMG_0372_1,14955,283.916263275
303 ps Soil+Leaf,IMG_0372,IMG_0372_2,1611,30.584359755
303 ps Soil+Leaf,IMG_0372,IMG_0372_3,25255,479.458724775
303 ps Soil+Leaf,IMG_0372,IMG_0372_4,17402,330.37183641
303 ps Soil+Leaf,IMG_0372,IMG_0372_5,107,2.0313634350000003
303 ps Soil+Leaf,IMG_0372,IMG_0372_6,314,5.961197370000001
303 ps Soil+Leaf,IMG_0372,IMG_0372_7,2252,42.75355566
303 ps Soil+Leaf,IMG_0372,IMG_0372_8,1482,28.13533281
303 ps Soil+Leaf,IMG_0372,IMG_0372_9,3168,60.143545440000004
303 ps Soil+Leaf,IMG_0372,IMG_0372_10,452,8.58108666
303 ps Soil+Leaf,IMG_0372,IMG_0372_11,2468,46.854251940000005
303 ps Soil+Leaf,IMG_0372,IMG_0372_12,1294,24.56620827
303 ps Soil+Leaf,IMG_0372,IMG_0372_13,4023,76.375468215
303 ps Soil+Leaf,IMG_0372,IMG_0372_14,5916,112.31351478
303 ps Soil+Leaf,IMG_0372,IMG_0372_15,492,9.34047486
303 ps Soil+Leaf,IMG_0372,IMG_0372_16,245,4.651252725
303 ps Soil+Leaf,IMG_0372,IMG_0372_17,105,1.9933940250000002
303 ps Soil+Leaf,IMG_0372,IMG_0372_18,1972,37.43783826
303 ps Soil+Leaf,IMG_0372,IMG_0372_19,6258,118.80628389
303 ps Soil+Leaf,IMG_0372,IMG_0372_20,2279,43.266142695
303 ps Soil+Leaf,IMG_0372,IMG_0372_21,3547,67.338748635
303 ps Soil+Leaf,IMG_0372,IMG_0372_22,1084,20.57942022
303 ps Soil+Leaf,IMG_0372,IMG_0372_23,1522,28.89472101
303 ps Soil+Leaf,IMG_0372,IMG_0372_24,4503,85.488126615
303 ps Soil+Leaf,IMG_0372,IMG_0372_25,74,1.40486817
303 ps Soil+Leaf,IMG_0372,IMG_0372_26,386,7.3280961300000005
303 ps Soil+Leaf,IMG_0372,IMG_0372_27,140,2.6578587000000002
303 ps Soil+Leaf,IMG_0372,IMG_0372_28,2626,49.85383533
303 ps Soil+Leaf,IMG_0372,IMG_0372_29,1339,25.420519995000003
303 ps Soil+Leaf,IMG_0372,IMG_0372_30,764,14.50431462
303 ps Soil+Leaf,IMG_0372,IMG_0372_31,181,3.436231605
303 ps Soil+Leaf,IMG_0372,IMG_0372_32,1528,29.00862924
303 ps Soil+Leaf,IMG_0372,IMG_0372_33,5849,111.041539545
303 ps Soil+Leaf,IMG_0372,IMG_0372_34,154,2.92364457
303 ps Soil+Leaf,IMG_0372,IMG_0372_35,1730,32.843539650000004
303 ps Soil+Leaf,IMG_0372,IMG_0372_36,8398,159.43355259
303 ps Soil+Leaf,IMG_0372,IMG_0372_37,3726,70.73701083
303 ps Soil+Leaf,IMG_0372,IMG_0372_38,1461,27.736654005000002
303 ps Soil+Leaf,IMG_0372,IMG_0372_39,5764,109.42783962
303 ps Soil+Leaf,IMG_0372,IMG_0372_40,4024,76.39445292
303 ps Soil+Leaf,IMG_0372,IMG_0372_41,211,4.005772755000001
303 ps Soil+Leaf,IMG_0372,IMG_0372_42,1885,35.786168925000005
303 ps Soil+Leaf,IMG_0372,IMG_0372_43,6352,120.59084616000001
303 ps Soil+Leaf,IMG_0372,IMG_0372_44,6399,121.483127295
303 ps Soil+Leaf,IMG_0372,IMG_0372_45,4168,79.12825044
303 ps Soil+Leaf,IMG_0372,IMG_0372_46,1237,23.484080085000002
303 ps Soil+Leaf,IMG_0372,IMG_0372_47,1039,19.725108495
303 ps Soil+Leaf,IMG_0372,IMG_0372_48,866,16.44075453
303 ps Soil+Leaf,IMG_0372,IMG_0372_49,421,7.992560805
303 ps Soil+Leaf,IMG_0372,IMG_0372_50,1627,30.888115035000002
303 ps Soil+Leaf,IMG_0372,IMG_0372_51,5929,112.560315945
303 ps Soil+Leaf,IMG_0372,IMG_0372_52,251,4.765160955000001
303 ps Soil+Leaf,IMG_0372,IMG_0372_53,1187,22.534844835
303 ps Soil+Leaf,IMG_0372,IMG_0372_54,1730,32.843539650000004
303 ps Soil+Leaf,IMG_0372,IMG_0372_55,589,11.181991245
303 ps Soil+Leaf,IMG_0372,IMG_0372_56,1077,20.446527285000002
303 ps Soil+Leaf,IMG_0372,IMG_0372_57,3417,64.87073698500001
303 ps Soil+Leaf,IMG_0372,IMG_0372_58,4263,80.931797415
303 ps Soil+Leaf,IMG_0372,IMG_0372_59,1683,31.951258515000003
303 ps Soil+Leaf,IMG_0372,IMG_0372_60,1666,31.62851853
303 ps Soil+Leaf,IMG_0372,IMG_0372_61,1934,36.716419470000005
303 ps Soil+Leaf,IMG_0372,IMG_0372_62,1589,30.166696245
303 ps Soil+Leaf,IMG_0372,IMG_0372_63,1114,21.148961370000002
303 ps Soil+Leaf,IMG_0372,IMG_0372_64,1920,36.4506336
303 ps Soil+Leaf,IMG_0372,IMG_0372_65,1573,29.862940965
303 ps Soil+Leaf,IMG_0372,IMG_0372_66,1489,28.268225745000002
303 ps Soil+Leaf,IMG_0372,IMG_0372_67,1727,32.786585535
303 ps Soil+Leaf,IMG_0372,IMG_0372_68,1483,28.154317515000002
303 ps Soil+Leaf,IMG_0372,IMG_0372_69,978,18.56704149
303 ps Soil+Leaf,IMG_0372,IMG_0372_70,5984,113.60447472000001
303 ps Soil+Leaf,IMG_0372,IMG_0372_71,110,2.08831755
303 ps Soil+Leaf,IMG_0372,IMG_0372_72,1440,27.337975200000002
303 ps Soil+Leaf,IMG_0372,IMG_0372_73,1747,33.166279635
303 ps Soil+Leaf,IMG_0372,IMG_0372_74,555,10.536511275
303 ps Soil+Leaf,IMG_0372,IMG_0372_75,589,11.181991245
303 ps Soil+Leaf,IMG_0372,IMG_0372_76,907,17.219127435
303 ps Soil+Leaf,IMG_0372,IMG_0372_77,2906,55.16955273
303 ps Soil+Leaf,IMG_0372,IMG_0372_78,1180,22.4019519
303 ps Soil+Leaf,IMG_0372,IMG_0372_79,212,4.02475746
303 ps Soil+Leaf,IMG_0372,IMG_0372_80,912,17.31405096
303 ps Soil+Leaf,IMG_0372,IMG_0372_81,587,11.144021835
303 ps Soil+Leaf,IMG_0372,IMG_0372_82,1715,32.558769075
303 ps Soil+Leaf,IMG_0372,IMG_0372_83,3009,57.124977345000005
303 ps Soil+Leaf,IMG_0372,IMG_0372_84,152,2.8856751600000003
303 ps Soil+Leaf,IMG_0372,IMG_0372_85,2219,42.127060395
303 ps Soil+Leaf,IMG_0372,IMG_0372_86,150,2.8477057500000003
303 ps Soil+Leaf,IMG_0372,IMG_0372_87,286,5.42962563
303 ps Soil+Leaf,IMG_0372,IMG_0372_88,553,10.498541865
303 ps Soil+Leaf,IMG_0372,IMG_0372_89,860,16.3268463
303 ps Soil+Leaf,IMG_0372,IMG_0372_90,383,7.271142015000001
303 ps Soil+Leaf,IMG_0372,IMG_0372_91,204,3.87287982
303 ps Soil+Leaf,IMG_0372,IMG_0372_92,1894,35.95703127
303 ps Soil+Leaf,IMG_0372,IMG_0372_93,524,9.94798542
303 ps Soil+Leaf,IMG_0372,IMG_0372_94,3217,61.073795985000004
303 ps Soil+Leaf,IMG_0372,IMG_0372_95,4331,82.222757355
303 ps Soil+Leaf,IMG_0372,IMG_0372_96,2218,42.10807569
303 ps Soil+Leaf,IMG_0372,IMG_0372_97,312,5.92322796
303 ps Soil+Leaf,IMG_0372,IMG_0372_98,736,13.97274288
303 ps Soil+Leaf,IMG_0372,IMG_0372_99,177,3.3602927850000004
303 ps Soil+Leaf,IMG_0372,IMG_0372_100,2135,40.532345175
303 ps Soil+Leaf,IMG_0372,IMG_0372_101,211,4.005772755000001
303 ps Soil+Leaf,IMG_0372,IMG_0372_102,386,7.3280961300000005
303 ps Soil+Leaf,IMG_0372,IMG_0372_103,1108,21.035053140000002
305 ps Water,IMG_0506,IMG_0506_1,834,16.263553776000002
305 ps Water,IMG_0506,IMG_0506_2,867,16.907075688
305 ps Water,IMG_0506,IMG_0506_3,863,16.829073032
305 ps Water,IMG_0506,IMG_0506_4,2994,58.384988016
305 ps Water,IMG_0506,IMG_0506_5,276,5.382183264
305 ps Water,IMG_0506,IMG_0506_6,525,10.237848600000001
305 ps Water,IMG_0506,IMG_0506_7,1755,34.22366532
305 ps Water,IMG_0506,IMG_0506_8,3142,61.271086288
305 ps Water,IMG_0506,IMG_0506_9,2765,53.919335960000005
305 ps Water,IMG_0506,IMG_0506_10,145,2.8275962800000003
305 ps Water,IMG_0506,IMG_0506_11,1690,32.95612216
305 ps Water,IMG_0506,IMG_0506_12,7190,140.20977416
305 ps Water,IMG_0506,IMG_0506_13,916,17.862608224000002
305 ps Water,IMG_0506,IMG_0506_14,310,6.04520584
305 ps Water,IMG_0506,IMG_0506_15,702,13.689466128000001
305 ps Water,IMG_0506,IMG_0506_16,731,14.254985384000001
305 ps Water,IMG_0506,IMG_0506_17,4385,85.51041164
305 ps Water,IMG_0506,IMG_0506_18,1118,21.801742352
305 ps Water,IMG_0506,IMG_0506_19,139,2.710592296
305 ps Water,IMG_0506,IMG_0506_20,597,11.641896408000001
305 ps Water,IMG_0506,IMG_0506_21,1836,35.803219104
305 ps Water,IMG_0506,IMG_0506_22,3254,63.455160656000004
305 ps Water,IMG_0506,IMG_0506_23,2332,45.475548448000005
305 ps Water,IMG_0506,IMG_0506_24,2640,51.48175296
305 ps Water,IMG_0506,IMG_0506_25,1384,26.988918976
305 ps Water,IMG_0506,IMG_0506_26,242,4.7191606880000005
305 ps Water,IMG_0506,IMG_0506_27,1827,35.627713128
305 ps Water,IMG_0506,IMG_0506_28,2440,47.58162016
305 ps Water,IMG_0506,IMG_0506_29,1446,28.197960144
305 ps Water,IMG_0506,IMG_0506_30,2193,42.764956152
305 ps Water,IMG_0506,IMG_0506_31,348,6.7862310720000005
305 ps Water,IMG_0506,IMG_0506_32,3053,59.535527192
305 ps Water,IMG_0506,IMG_0506_33,1401,27.320430264000002
305 ps Water,IMG_0506,IMG_0506_34,451,8.794799464
305 ps Water,IMG_0506,IMG_0506_35,8447,164.722108808
305 ps Water,IMG_0506,IMG_0506_36,73,1.423548472
305 ps Water,IMG_0506,IMG_0506_37,8451,164.800111464
305 ps Water,IMG_0506,IMG_0506_38,14884,290.247882976
305 ps Water,IMG_0506,IMG_0506_39,1601,31.220563064
305 ps Water,IMG_0506,IMG_0506_40,2534,49.414682576000004
305 ps Water,IMG_0506,IMG_0506_41,2029,39.566847256
305 ps Water,IMG_0506,IMG_0506_42,312,6.084207168000001
305 ps Water,IMG_0506,IMG_0506_43,523,10.198847272
305 ps Water,IMG_0506,IMG_0506_44,1962,38.260302768
305 ps Water,IMG_0506,IMG_0506_45,2391,46.626087624
305 ps Water,IMG_0506,IMG_0506_46,1972,38.455309408000005
305 ps Water,IMG_0506,IMG_0506_47,2378,46.372578992
305 ps Water,IMG_0506,IMG_0506_48,319,6.220711816000001
305 ps Water,IMG_0506,IMG_0506_49,773,15.074013272
305 ps Water,IMG_0506,IMG_0506_50,2243,43.739989352
305 ps Water,IMG_0506,IMG_0506_51,868,16.926576352
305 ps Water,IMG_0506,IMG_0506_52,2559,49.902199176
305 ps Water,IMG_0506,IMG_0506_53,522,10.179346608000001
305 ps Water,IMG_0506,IMG_0506_54,1678,32.722114192
305 ps Water,IMG_0506,IMG_0506_55,2063,40.229869832
305 ps Water,IMG_0506,IMG_0506_56,1776,34.633179264
305 ps Water,IMG_0506,IMG_0506_57,3660,71.37243024
305 ps Water,IMG_0506,IMG_0506_58,1582,30.850050448
305 ps Water,IMG_0506,IMG_0506_59,7552,147.269014528
305 ps Water,IMG_0506,IMG_0506_60,2155,42.023930920000005
305 ps Water,IMG_0506,IMG_0506_61,837,16.322055768000002
305 ps Water,IMG_0506,IMG_0506_62,975,19.0131474
305 ps Water,IMG_0506,IMG_0506_63,1283,25.019351912
305 ps Water,IMG_0506,IMG_0506_64,636,12.402422304
305 ps Water,IMG_0506,IMG_0506_65,346,6.747229744
305 ps Water,IMG_0506,IMG_0506_66,144,2.808095616
305 ps Water,IMG_0506,IMG_0506_67,1836,35.803219104
305 ps Water,IMG_0506,IMG_0506_68,856,16.692568384
305 ps Water,IMG_0506,IMG_0506_69,1179,22.991282856
305 ps Water,IMG_0506,IMG_0506_70,4093,79.816217752
305 ps Water,IMG_0506,IMG_0506_71,137,2.6715909680000003
305 ps Water,IMG_0506,IMG_0506_72,594,11.583394416
305 ps Water,IMG_0506,IMG_0506_73,524,10.218347936
305 ps Water,IMG_0506,IMG_0506_74,1111,21.665237704000003
305 ps Water,IMG_0506,IMG_0506_75,382,7.449253648
305 ps Water,IMG_0506,IMG_0506_76,178,3.471118192
305 ps Water,IMG_0506,IMG_0506_77,459,8.950804776
305 ps Water,IMG_0506,IMG_0506_78,73,1.423548472
305 ps Water,IMG_0506,IMG_0506_79,1044,20.358693216000002
305 ps Water,IMG_0506,IMG_0506_80,1618,31.552074352
305 ps Water,IMG_0506,IMG_0506_81,2997,58.443490008000005
305 ps Water,IMG_0506,IMG_0506_82,1041,20.300191224000002
204 ps Soil+Leaf,IMG_0602,IMG_0602_1,2360,46.416090600000004
204 ps Soil+Leaf,IMG_0602,IMG_0602_2,802,15.773603670000002
204 ps Soil+Leaf,IMG_0602,IMG_0602_3,247,4.857955245
204 ps Soil+Leaf,IMG_0602,IMG_0602_4,2873,56.505689955
204 ps Soil+Leaf,IMG_0602,IMG_0602_5,455,8.948864925
204 ps Soil+Leaf,IMG_0602,IMG_0602_6,2829,55.640305215000005
204 ps Soil+Leaf,IMG_0602,IMG_0602_7,2576,50.664342960000006
204 ps Soil+Leaf,IMG_0602,IMG_0602_8,353,6.942745755000001
204 ps Soil+Leaf,IMG_0602,IMG_0602_9,1443,28.380685905000004
204 ps Soil+Leaf,IMG_0602,IMG_0602_10,1335,26.256559725000002
204 ps Soil+Leaf,IMG_0602,IMG_0602_11,763,15.006558105000002
204 ps Soil+Leaf,IMG_0602,IMG_0602_12,1767,34.753064445
204 ps Soil+Leaf,IMG_0602,IMG_0602_13,83,1.6324303050000002
204 ps Soil+Leaf,IMG_0602,IMG_0602_14,1690,33.23864115
204 ps Soil+Leaf,IMG_0602,IMG_0602_15,107,2.1044583450000003
204 ps Soil+Leaf,IMG_0602,IMG_0602_16,78,1.5340911300000002
204 ps Soil+Leaf,IMG_0602,IMG_0602_17,424,8.339162040000001
204 ps Soil+Leaf,IMG_0602,IMG_0602_18,7932,156.00526722
204 ps Soil+Leaf,IMG_0602,IMG_0602_19,1567,30.819497445000003
204 ps Soil+Leaf,IMG_0602,IMG_0602_20,5340,105.02623890000001
204 ps Soil+Leaf,IMG_0602,IMG_0602_21,2862,56.28934377
204 ps Soil+Leaf,IMG_0602,IMG_0602_22,5095,100.20761932500001
204 ps Soil+Leaf,IMG_0602,IMG_0602_23,2112,41.538467520000005
204 ps Soil+Leaf,IMG_0602,IMG_0602_24,698,13.72814883
204 ps Soil+Leaf,IMG_0602,IMG_0602_25,1010,19.864513350000003
204 ps Soil+Leaf,IMG_0602,IMG_0602_26,143,2.812500405
204 ps Soil+Leaf,IMG_0602,IMG_0602_27,3218,63.291093030000006
204 ps Soil+Leaf,IMG_0602,IMG_0602_28,1229,24.171769215
204 ps Soil+Leaf,IMG_0602,IMG_0602_29,2964,58.29546294000001
204 ps Soil+Leaf,IMG_0602,IMG_0602_30,417,8.201487195
204 ps Soil+Leaf,IMG_0602,IMG_0602_31,1012,19.903849020000003
204 ps Soil+Leaf,IMG_0602,IMG_0602_32,1238,24.34877973
204 ps Soil+Leaf,IMG_0602,IMG_0602_33,1264,24.86014344
204 ps Soil+Leaf,IMG_0602,IMG_0602_34,423,8.319494205
204 ps Soil+Leaf,IMG_0602,IMG_0602_35,1078,21.20192613
204 ps Soil+Leaf,IMG_0602,IMG_0602_36,486,9.558567810000001
204 ps Soil+Leaf,IMG_0602,IMG_0602_37,111,2.1831296850000004
204 ps Soil+Leaf,IMG_0602,IMG_0602_38,1627,31.999567545
204 ps Soil+Leaf,IMG_0602,IMG_0602_39,1096,21.555947160000002
204 ps Soil+Leaf,IMG_0602,IMG_0602_40,2029,39.906037215000005
204 ps Soil+Leaf,IMG_0602,IMG_0602_41,1434,28.20367539
204 ps Soil+Leaf,IMG_0602,IMG_0602_42,825,16.225963875
204 ps Soil+Leaf,IMG_0602,IMG_0602_43,902,17.74038717
204 ps Soil+Leaf,IMG_0602,IMG_0602_44,734,14.43619089
204 ps Soil+Leaf,IMG_0602,IMG_0602_45,2390,47.00612565
204 ps Soil+Leaf,IMG_0602,IMG_0602_46,691,13.590473985000001
204 ps Soil+Leaf,IMG_0602,IMG_0602_47,2375,46.711108125
204 ps Soil+Leaf,IMG_0602,IMG_0602_48,1108,21.79196118
204 ps Soil+Leaf,IMG_0602,IMG_0602_49,76,1.4947554600000001
204 ps Soil+Leaf,IMG_0602,IMG_0602_50,276,5.42832246
204 ps Soil+Leaf,IMG_0602,IMG_0602_51,599,11.781033165
204 ps Soil+Leaf,IMG_0602,IMG_0602_52,1456,28.636367760000002
204 ps Soil+Leaf,IMG_0602,IMG_0602_53,2094,41.184446490000006
204 ps Soil+Leaf,IMG_0602,IMG_0602_54,4601,90.49170883500001
204 ps Soil+Leaf,IMG_0602,IMG_0602_55,286,5.62500081
204 ps Soil+Leaf,IMG_0602,IMG_0602_56,384,7.552448640000001
204 ps Soil+Leaf,IMG_0602,IMG_0602_57,3230,63.527107050000005
204 ps Soil+Leaf,IMG_0602,IMG_0602_58,625,12.292396875000001
204 ps Soil+Leaf,IMG_0602,IMG_0602_59,1661,32.668273935
204 ps Soil+Leaf,IMG_0602,IMG_0602_60,348,6.84440658
204 ps Soil+Leaf,IMG_0602,IMG_0602_61,2417,47.537157195000006
204 ps Soil+Leaf,IMG_0602,IMG_0602_62,458,9.00786843
204 ps Soil+Leaf,IMG_0602,IMG_0602_63,458,9.00786843
204 ps Soil+Leaf,IMG_0602,IMG_0602_64,1637,32.196245895000004
204 ps Soil+Leaf,IMG_0602,IMG_0602_65,668,13.138113780000001
204 ps Soil+Leaf,IMG_0602,IMG_0602_66,2030,39.925705050000005
204 ps Soil+Leaf,IMG_0602,IMG_0602_67,532,10.46328822
206 ps Soil,IMG_0570,IMG_0570_1,1270,24.91874874
206 ps Soil,IMG_0570,IMG_0570_2,1764,34.611553368
206 ps Soil,IMG_0570,IMG_0570_3,2609,51.191350758000006
206 ps Soil,IMG_0570,IMG_0570_4,1728,33.905195136
206 ps Soil,IMG_0570,IMG_0570_5,210,4.1204230200000005
206 ps Soil,IMG_0570,IMG_0570_6,1571,30.824688402000003
206 ps Soil,IMG_0570,IMG_0570_7,79,1.550063898
206 ps Soil,IMG_0570,IMG_0570_8,1298,25.468138476000004
206 ps Soil,IMG_0570,IMG_0570_9,78,1.5304428360000002
206 ps Soil,IMG_0570,IMG_0570_10,1734,34.022921508
206 ps Soil,IMG_0570,IMG_0570_11,534,10.477647108000001
206 ps Soil,IMG_0570,IMG_0570_12,249,4.885644438000001
206 ps Soil,IMG_0570,IMG_0570_13,1225,24.035800950000002
206 ps Soil,IMG_0570,IMG_0570_14,960,18.83621952
206 ps Soil,IMG_0570,IMG_0570_15,288,5.650865856
206 ps Soil,IMG_0570,IMG_0570_16,2164,42.459978168000006
206 ps Soil,IMG_0570,IMG_0570_17,632,12.400511184
206 ps Soil,IMG_0570,IMG_0570_18,531,10.418783922000001
206 ps Soil,IMG_0570,IMG_0570_19,282,5.533139484
206 ps Soil,IMG_0570,IMG_0570_20,2042,40.066208604
206 ps Soil,IMG_0570,IMG_0570_21,359,7.043961258
206 ps Soil,IMG_0570,IMG_0570_22,150,2.9431593
206 ps Soil,IMG_0570,IMG_0570_23,179,3.5121700980000004
206 ps Soil,IMG_0570,IMG_0570_24,381,7.475624622000001
206 ps Soil,IMG_0570,IMG_0570_25,315,6.180634530000001
206 ps Soil,IMG_0570,IMG_0570_26,363,7.122445506000001
206 ps Soil,IMG_0570,IMG_0570_27,950,18.6400089
206 ps Soil,IMG_0570,IMG_0570_28,1834,35.985027708000004
206 ps Soil,IMG_0570,IMG_0570_29,75,1.47157965
206 ps Soil,IMG_0570,IMG_0570_30,3742,73.422014004
206 ps Soil,IMG_0570,IMG_0570_31,78,1.5304428360000002
105 ps Soil+Leaf,IMG_0442,IMG_0442_1,1413,28.097146097999996
105 ps Soil+Leaf,IMG_0442,IMG_0442_2,575,11.433728949999999
105 ps Soil+Leaf,IMG_0442,IMG_0442_3,947,18.830854461999998
105 ps Soil+Leaf,IMG_0442,IMG_0442_4,571,11.354189966
105 ps Soil+Leaf,IMG_0442,IMG_0442_5,77,1.5311254419999998
105 ps Soil+Leaf,IMG_0442,IMG_0442_6,876,17.419037495999998
105 ps Soil+Leaf,IMG_0442,IMG_0442_7,1681,33.426258026
105 ps Soil+Leaf,IMG_0442,IMG_0442_8,418,8.311823828
105 ps Soil+Leaf,IMG_0442,IMG_0442_9,634,12.606928964
105 ps Soil+Leaf,IMG_0442,IMG_0442_10,911,18.115003606
105 ps Soil+Leaf,IMG_0442,IMG_0442_11,7564,150.40821874399998
105 ps Soil+Leaf,IMG_0442,IMG_0442_12,244,4.8518780239999995
105 ps Soil+Leaf,IMG_0442,IMG_0442_13,736,14.635173056
105 ps Soil+Leaf,IMG_0442,IMG_0442_14,289,5.746691594
105 ps Soil+Leaf,IMG_0442,IMG_0442_15,118,2.3464000279999997
105 ps Soil+Leaf,IMG_0442,IMG_0442_16,798,15.868027307999998
105 ps Soil+Leaf,IMG_0442,IMG_0442_17,1211,24.080427406
105 ps Soil+Leaf,IMG_0442,IMG_0442_18,1704,33.883607184
105 ps Soil+Leaf,IMG_0442,IMG_0442_19,1122,22.310685011999997
105 ps Soil+Leaf,IMG_0442,IMG_0442_20,1115,22.171491789999997
105 ps Soil+Leaf,IMG_0442,IMG_0442_21,461,9.166867905999998
105 ps Soil+Leaf,IMG_0442,IMG_0442_22,1756,34.917613976
105 ps Soil+Leaf,IMG_0442,IMG_0442_23,4767,94.79058418199999
105 ps Soil+Leaf,IMG_0442,IMG_0442_24,3289,65.40092959399999
105 ps Soil+Leaf,IMG_0442,IMG_0442_25,766,15.231715435999998
105 ps Soil+Leaf,IMG_0442,IMG_0442_26,874,17.379268004
105 ps Soil+Leaf,IMG_0442,IMG_0442_27,998,19.844976508
105 ps Soil+Leaf,IMG_0442,IMG_0442_28,2932,58.302075271999996
105 ps Soil+Leaf,IMG_0442,IMG_0442_29,3571,71.008427966
105 ps Soil+Leaf,IMG_0442,IMG_0442_30,1348,26.804637607999997
105 ps Soil+Leaf,IMG_0442,IMG_0442_31,2178,43.308976787999995
105 ps Soil+Leaf,IMG_0442,IMG_0442_32,823,16.365145958
105 ps Soil+Leaf,IMG_0442,IMG_0442_33,1084,21.555064664
105 ps Soil+Leaf,IMG_0442,IMG_0442_34,1044,20.759674823999998
105 ps Soil+Leaf,IMG_0442,IMG_0442_35,393,7.814705178
105 ps Soil+Leaf,IMG_0442,IMG_0442_36,2669,53.072387074
105 ps Soil+Leaf,IMG_0442,IMG_0442_37,212,4.215566152
105 ps Soil+Leaf,IMG_0442,IMG_0442_38,214,4.255335644
105 ps Soil+Leaf,IMG_0442,IMG_0442_39,107,2.127667822
105 ps Soil+Leaf,IMG_0442,IMG_0442_40,495,9.842949269999998
105 ps Soil+Leaf,IMG_0442,IMG_0442_41,6747,134.162381262
105 ps Soil+Leaf,IMG_0442,IMG_0442_42,4284,85.186251864
105 ps Soil+Leaf,IMG_0442,IMG_0442_43,4116,81.845614536
105 ps Soil+Leaf,IMG_0442,IMG_0442_44,833,16.563993418
105 ps Soil+Leaf,IMG_0442,IMG_0442_45,1048,20.839213807999997
105 ps Soil+Leaf,IMG_0442,IMG_0442_46,1390,27.639796939999997
105 ps Soil+Leaf,IMG_0442,IMG_0442_47,4022,79.976448412
105 ps Soil+Leaf,IMG_0442,IMG_0442_48,1069,21.256793474
105 ps Soil+Leaf,IMG_0442,IMG_0442_49,1617,32.153634282
105 ps Soil+Leaf,IMG_0442,IMG_0442_50,666,13.243240835999998
105 ps Soil+Leaf,IMG_0442,IMG_0442_51,628,12.487620488
105 ps Soil+Leaf,IMG_0442,IMG_0442_52,1669,33.187641074
105 ps Soil+Leaf,IMG_0442,IMG_0442_53,557,11.075803522
105 ps Soil+Leaf,IMG_0442,IMG_0442_54,552,10.976379792
105 ps Soil+Leaf,IMG_0442,IMG_0442_55,999,19.864861253999997
105 ps Soil+Leaf,IMG_0442,IMG_0442_56,1327,26.387057942
105 ps Soil+Leaf,IMG_0442,IMG_0442_57,6660,132.43240835999998
105 ps Soil+Leaf,IMG_0442,IMG_0442_58,939,18.671776494
105 ps Soil+Leaf,IMG_0442,IMG_0442_59,1439,28.614149493999996
105 ps Soil+Leaf,IMG_0442,IMG_0442_60,815,16.206067989999998
105 ps Soil+Leaf,IMG_0442,IMG_0442_61,1451,28.852766445999997
105 ps Soil+Leaf,IMG_0442,IMG_0442_62,660,13.12393236
105 ps Soil+Leaf,IMG_0442,IMG_0442_63,450,8.9481357
105 ps Soil+Leaf,IMG_0442,IMG_0442_64,3050,60.648475299999994
105 ps Soil+Leaf,IMG_0442,IMG_0442_65,1977,39.312142842
105 ps Soil+Leaf,IMG_0442,IMG_0442_66,4821,95.864360466
105 ps Soil+Leaf,IMG_0442,IMG_0442_67,941,18.711545985999997
105 ps Soil+Leaf,IMG_0442,IMG_0442_68,1111,22.091952806
105 ps Soil+Leaf,IMG_0442,IMG_0442_69,3294,65.50035332399999
105 ps Soil+Leaf,IMG_0442,IMG_0442_70,358,7.118739067999999
105 ps Soil+Leaf,IMG_0442,IMG_0442_71,255,5.07061023
105 ps Soil+Leaf,IMG_0442,IMG_0442_72,3588,71.346468648
105 ps Soil+Leaf,IMG_0442,IMG_0442_73,382,7.595972971999999
105 ps Soil+Leaf,IMG_0442,IMG_0442_74,5353,106.44304533799999
105 ps Soil+Leaf,IMG_0442,IMG_0442_75,355,7.05908483
105 ps Soil+Leaf,IMG_0442,IMG_0442_76,592,11.771769632
304 ts Water,IMG_0339,IMG_0339_1,1671,31.827577104
304 ts Water,IMG_0339,IMG_0339_2,556,10.590145344
304 ts Water,IMG_0339,IMG_0339_3,662,12.609129888
304 ts Water,IMG_0339,IMG_0339_4,527,10.037781648
304 ts Water,IMG_0339,IMG_0339_5,122,2.3237369279999998
304 ts Water,IMG_0339,IMG_0339_6,3686,70.207330464
304 ts Water,IMG_0339,IMG_0339_7,254,4.837944096
304 ts Water,IMG_0339,IMG_0339_8,1369,26.075375855999997
304 ts Water,IMG_0339,IMG_0339_9,1041,19.827951984
304 ts Water,IMG_0339,IMG_0339_10,77,1.466620848
304 ts Water,IMG_0339,IMG_0339_11,1966,37.446449183999995
304 ts Water,IMG_0339,IMG_0339_12,914,17.408979935999998
304 ts Water,IMG_0339,IMG_0339_13,421,8.018797103999999
304 ts Water,IMG_0339,IMG_0339_14,1969,37.503590255999995
304 ts Water,IMG_0339,IMG_0339_15,390,7.42833936
304 ts Water,IMG_0339,IMG_0339_16,768,14.628114432
304 ts Water,IMG_0339,IMG_0339_17,1856,35.351276544
304 ts Water,IMG_0339,IMG_0339_18,665,12.66627096
304 ts Water,IMG_0339,IMG_0339_19,907,17.275650768
304 ts Water,IMG_0339,IMG_0339_20,715,13.61862216
304 ts Water,IMG_0339,IMG_0339_21,1229,23.408792496
304 ts Water,IMG_0339,IMG_0339_22,942,17.942296608
304 ts Water,IMG_0339,IMG_0339_23,810,15.428089439999999
304 ts Water,IMG_0339,IMG_0339_24,1046,19.923187104
304 ts Water,IMG_0339,IMG_0339_25,142,2.704677408
304 ts Water,IMG_0339,IMG_0339_26,506,9.637794143999999
304 ts Water,IMG_0339,IMG_0339_27,1645,31.33235448
304 ts Water,IMG_0339,IMG_0339_28,487,9.275900688
304 ts Water,IMG_0339,IMG_0339_29,3656,69.63591974399999
304 ts Water,IMG_0339,IMG_0339_30,834,15.885218016
304 ts Water,IMG_0339,IMG_0339_31,884,16.837569216
304 ts Water,IMG_0339,IMG_0339_32,668,12.723412031999999
304 ts Water,IMG_0339,IMG_0339_33,2860,54.47448864
304 ts Water,IMG_0339,IMG_0339_34,1484,28.265783616
304 ts Water,IMG_0339,IMG_0339_35,1608,30.627614592
304 ts Water,IMG_0339,IMG_0339_36,1740,33.14182176
304 ts Water,IMG_0339,IMG_0339_37,4124,78.549926976
304 ts Water,IMG_0339,IMG_0339_38,2438,46.436644512
304 ts Water,IMG_0339,IMG_0339_39,2026,38.589270624
304 ts Water,IMG_0339,IMG_0339_40,416,7.923561984
304 ts Water,IMG_0339,IMG_0339_41,1942,36.989320608
304 ts Water,IMG_0339,IMG_0339_42,179,3.409417296
304 ts Water,IMG_0339,IMG_0339_43,2847,54.226877328
304 ts Water,IMG_0339,IMG_0339_44,2081,39.636856944
304 ts Water,IMG_0339,IMG_0339_45,632,12.037719167999999
304 ts Water,IMG_0339,IMG_0339_46,1044,19.885093056
304 ts Water,IMG_0339,IMG_0339_47,1017,19.370823408
304 ts Water,IMG_0339,IMG_0339_48,2002,38.132142048
304 ts Water,IMG_0339,IMG_0339_49,663,12.628176911999999
304 ts Water,IMG_0339,IMG_0339_50,467,8.894960207999999
304 ts Water,IMG_0339,IMG_0339_51,2211,42.112970063999995
304 ts Water,IMG_0339,IMG_0339_52,4146,78.96896150399999
304 ts Water,IMG_0339,IMG_0339_53,353,6.723599472
304 ts Water,IMG_0339,IMG_0339_54,5996,114.20595590399999
304 ts Water,IMG_0339,IMG_0339_55,423,8.056891152
304 ts Water,IMG_0339,IMG_0339_56,1499,28.551488975999998
304 ts Water,IMG_0339,IMG_0339_57,140,2.6665833599999997
304 ts Water,IMG_0339,IMG_0339_58,390,7.42833936
304 ts Water,IMG_0339,IMG_0339_59,879,16.742334096
304 ts Water,IMG_0339,IMG_0339_60,1315,25.04683656
301 ts Soil+Leaf,IMG_0274,IMG_0274_1,139,2.6241816950000003
301 ts Soil+Leaf,IMG_0274,IMG_0274_2,565,10.666637825
301 ts Soil+Leaf,IMG_0274,IMG_0274_3,2983,56.316071915
301 ts Soil+Leaf,IMG_0274,IMG_0274_4,736,13.894947680000001
301 ts Soil+Leaf,IMG_0274,IMG_0274_5,2611,49.293082055
301 ts Soil+Leaf,IMG_0274,IMG_0274_6,421,7.948061105000001
301 ts Soil+Leaf,IMG_0274,IMG_0274_7,1122,21.18224361
301 ts Soil+Leaf,IMG_0274,IMG_0274_8,422,7.96694011
301 ts Soil+Leaf,IMG_0274,IMG_0274_9,184,3.4737369200000003
301 ts Soil+Leaf,IMG_0274,IMG_0274_10,427,8.061335135
301 ts Soil+Leaf,IMG_0274,IMG_0274_11,1120,21.1444856
301 ts Soil+Leaf,IMG_0274,IMG_0274_12,1177,22.220588885
301 ts Soil+Leaf,IMG_0274,IMG_0274_13,2584,48.78334892
301 ts Soil+Leaf,IMG_0274,IMG_0274_14,344,6.49437772
301 ts Soil+Leaf,IMG_0274,IMG_0274_15,1183,22.333862915
301 ts Soil+Leaf,IMG_0274,IMG_0274_16,489,9.231833445000001
301 ts Soil+Leaf,IMG_0274,IMG_0274_17,311,5.871370555
301 ts Soil+Leaf,IMG_0274,IMG_0274_18,1073,20.257172365000002
301 ts Soil+Leaf,IMG_0274,IMG_0274_19,4305,81.274116525
301 ts Soil+Leaf,IMG_0274,IMG_0274_20,5226,98.66168013000001
301 ts Soil+Leaf,IMG_0274,IMG_0274_21,6854,129.39670027
301 ts Soil+Leaf,IMG_0274,IMG_0274_22,968,18.27487684
301 ts Soil+Leaf,IMG_0274,IMG_0274_23,706,13.32857753
301 ts Soil+Leaf,IMG_0274,IMG_0274_24,2186,41.269504930000004
301 ts Soil+Leaf,IMG_0274,IMG_0274_25,1314,24.80701257
301 ts Soil+Leaf,IMG_0274,IMG_0274_26,427,8.061335135
301 ts Soil+Leaf,IMG_0274,IMG_0274_27,1300,24.5427065
301 ts Soil+Leaf,IMG_0274,IMG_0274_28,530,10.00587265
301 ts Soil+Leaf,IMG_0274,IMG_0274_29,973,18.369271865
202 ts Soil+Water,IMG_0708,IMG_0708_1,1789,34.993035000999996
202 ts Soil+Water,IMG_0708,IMG_0708_2,181,3.5403797289999996
202 ts Soil+Water,IMG_0708,IMG_0708_3,846,16.547852214
202 ts Soil+Water,IMG_0708,IMG_0708_4,7244,141.693429596
202 ts Soil+Water,IMG_0708,IMG_0708_5,74,1.447448066
202 ts Soil+Water,IMG_0708,IMG_0708_6,861,16.841253849
202 ts Soil+Water,IMG_0708,IMG_0708_7,810,15.84368829
202 ts Soil+Water,IMG_0708,IMG_0708_8,282,5.515950738
202 ts Soil+Water,IMG_0708,IMG_0708_9,321,6.278794989
202 ts Soil+Water,IMG_0708,IMG_0708_10,145,2.8362158049999997
202 ts Soil+Water,IMG_0708,IMG_0708_11,1212,23.706852108
202 ts Soil+Water,IMG_0708,IMG_0708_12,1909,37.340248081
202 ts Soil+Water,IMG_0708,IMG_0708_13,3021,59.091089288999996
202 ts Soil+Water,IMG_0708,IMG_0708_14,1836,35.912360123999996
202 ts Soil+Water,IMG_0708,IMG_0708_15,3590,70.22079131
202 ts Soil+Water,IMG_0708,IMG_0708_16,210,4.10762289
202 ts Soil+Water,IMG_0708,IMG_0708_17,113,2.210292317
202 ts Soil+Water,IMG_0708,IMG_0708_18,795,15.550286654999999
202 ts Soil+Water,IMG_0708,IMG_0708_19,2094,40.958868246
202 ts Soil+Water,IMG_0708,IMG_0708_20,843,16.489171886999998
202 ts Soil+Water,IMG_0708,IMG_0708_21,1556,30.435529604
202 ts Soil+Water,IMG_0708,IMG_0708_22,1889,36.949045901
202 ts Soil+Water,IMG_0708,IMG_0708_23,146,2.855775914
202 ts Soil+Water,IMG_0708,IMG_0708_24,527,10.308177443
202 ts Soil+Water,IMG_0708,IMG_0708_25,3505,68.558182045
202 ts Soil+Water,IMG_0708,IMG_0708_26,245,4.792226705
202 ts Soil+Water,IMG_0708,IMG_0708_27,2495,48.802471954999994
202 ts Soil+Water,IMG_0708,IMG_0708_28,497,9.721374173
202 ts Soil+Water,IMG_0708,IMG_0708_29,1892,37.007726227999996
202 ts Soil+Water,IMG_0708,IMG_0708_30,110,2.1516119899999997
202 ts Soil+Water,IMG_0708,IMG_0708_31,354,6.924278586
202 ts Soil+Water,IMG_0708,IMG_0708_32,699,13.672516191
202 ts Soil+Water,IMG_0708,IMG_0708_33,560,10.95366104
202 ts Soil+Water,IMG_0708,IMG_0708_34,141,2.757975369
202 ts Soil+Water,IMG_0708,IMG_0708_35,1343,26.269226387
202 ts Soil+Water,IMG_0708,IMG_0708_36,2459,48.098308030999995
202 ts Soil+Water,IMG_0708,IMG_0708_37,1370,26.79734933
202 ts Soil+Water,IMG_0708,IMG_0708_38,1926,37.672769934
202 ts Soil+Water,IMG_0708,IMG_0708_39,5635,110.22121421499999
202 ts Soil+Water,IMG_0708,IMG_0708_40,214,4.185863326
202 ts Soil+Water,IMG_0708,IMG_0708_41,284,5.555070956
202 ts Soil+Water,IMG_0708,IMG_0708_42,897,17.545417773
202 ts Soil+Water,IMG_0708,IMG_0708_43,948,18.542983332
202 ts Soil+Water,IMG_0708,IMG_0708_44,2903,56.782996427
202 ts Soil+Water,IMG_0708,IMG_0708_45,560,10.95366104
202 ts Soil+Water,IMG_0708,IMG_0708_46,4688,91.697790992
202 ts Soil+Water,IMG_0708,IMG_0708_47,946,18.503863113999998
202 ts Soil+Water,IMG_0708,IMG_0708_48,1429,27.951395760999997
202 ts Soil+Water,IMG_0708,IMG_0708_49,2790,54.57270411
202 ts Soil+Water,IMG_0708,IMG_0708_50,761,14.885242949
202 ts Soil+Water,IMG_0708,IMG_0708_51,318,6.220114661999999
202 ts Soil+Water,IMG_0708,IMG_0708_52,151,2.9535764589999998
202 ts Soil+Water,IMG_0708,IMG_0708_53,3288,64.313638392
202 ts Soil+Water,IMG_0708,IMG_0708_54,2396,46.866021163999996
202 ts Soil+Water,IMG_0708,IMG_0708_55,204,3.990262236
202 ts Soil+Water,IMG_0708,IMG_0708_56,76,1.4865682839999999
202 ts Soil+Water,IMG_0708,IMG_0708_57,488,9.545333192
202 ts Soil+Water,IMG_0708,IMG_0708_58,362,7.080759457999999
202 ts Soil+Water,IMG_0708,IMG_0708_59,215,4.205423435
202 ts Soil+Water,IMG_0708,IMG_0708_60,74,1.447448066
202 ts Soil+Water,IMG_0708,IMG_0708_61,4801,93.90808330899999
202 ts Soil+Water,IMG_0708,IMG_0708_62,489,9.564893301
202 ts Soil+Water,IMG_0708,IMG_0708_63,74,1.447448066
202 ts Soil+Water,IMG_0708,IMG_0708_64,3191,62.416307819
202 ts Soil+Water,IMG_0708,IMG_0708_65,602,11.775185618
202 ts Soil+Water,IMG_0708,IMG_0708_66,1292,25.271660827999998
202 ts Soil+Water,IMG_0708,IMG_0708_67,1596,31.217933964
202 ts Soil+Water,IMG_0708,IMG_0708_68,1149,22.474565241
202 ts Soil+Water,IMG_0708,IMG_0708_69,381,7.452401528999999
202 ts Soil+Water,IMG_0708,IMG_0708_70,11011,215.376360199
202 ts Soil+Water,IMG_0708,IMG_0708_71,7886,154.251019574
202 ts Soil+Water,IMG_0708,IMG_0708_72,216,4.224983544
202 ts Soil+Water,IMG_0708,IMG_0708_73,216,4.224983544
202 ts Soil+Water,IMG_0708,IMG_0708_74,2395,46.846461055
202 ts Soil+Water,IMG_0708,IMG_0708_75,9877,193.195196593
202 ts Soil+Water,IMG_0708,IMG_0708_76,804,15.726327635999999
202 ts Soil+Water,IMG_0708,IMG_0708_77,466,9.115010794
202 ts Soil+Water,IMG_0708,IMG_0708_78,2182,42.680157838
306 ps Soil,IMG_0537,IMG_0537_1,1128,22.1113944
306 ps Soil,IMG_0537,IMG_0537_2,2848,55.8273504
306 ps Soil,IMG_0537,IMG_0537_3,326,6.3903498
306 ps Soil,IMG_0537,IMG_0537_4,2083,40.8315909
306 ps Soil,IMG_0537,IMG_0537_5,596,11.6829708
306 ps Soil,IMG_0537,IMG_0537_6,499,9.781547699999999
306 ps Soil,IMG_0537,IMG_0537_7,156,3.0579587999999998
306 ps Soil,IMG_0537,IMG_0537_8,636,12.467062799999999
306 ps Soil,IMG_0537,IMG_0537_9,502,9.8403546
306 ps Soil,IMG_0537,IMG_0537_10,80,1.568184
306 ps Soil,IMG_0537,IMG_0537_11,467,9.1542741
306 ps Soil,IMG_0537,IMG_0537_12,2011,39.4202253
306 ps Soil,IMG_0537,IMG_0537_13,145,2.8423335
306 ps Soil,IMG_0537,IMG_0537_14,76,1.4897748
306 ps Soil,IMG_0537,IMG_0537_15,2079,40.7531817
306 ps Soil,IMG_0537,IMG_0537_16,507,9.9383661
306 ps Soil,IMG_0537,IMG_0537_17,215,4.2144945
306 ps Soil,IMG_0537,IMG_0537_18,1092,21.4057116
306 ps Soil,IMG_0537,IMG_0537_19,384,7.527283199999999
306 ps Soil,IMG_0537,IMG_0537_20,981,19.229856299999998
306 ps Soil,IMG_0537,IMG_0537_21,1228,24.0716244
306 ps Soil,IMG_0537,IMG_0537_22,495,9.7031385
306 ps Soil,IMG_0537,IMG_0537_23,782,15.3289986
306 ps Soil,IMG_0537,IMG_0537_24,1368,26.815946399999998
306 ps Soil,IMG_0537,IMG_0537_25,711,13.9372353
306 ps Soil,IMG_0537,IMG_0537_26,426,8.3505798
306 ps Soil,IMG_0537,IMG_0537_27,327,6.4099521
306 ps Soil,IMG_0537,IMG_0537_28,778,15.250589399999999
306 ps Soil,IMG_0537,IMG_0537_29,435,8.5270005
306 ps Soil,IMG_0537,IMG_0537_30,2047,40.1259081
306 ps Soil,IMG_0537,IMG_0537_31,425,8.3309775
306 ps Soil,IMG_0537,IMG_0537_32,506,9.918763799999999
306 ps Soil,IMG_0537,IMG_0537_33,778,15.250589399999999
306 ps Soil,IMG_0537,IMG_0537_34,907,17.7792861
306 ps Soil,IMG_0537,IMG_0537_35,533,10.4480259
306 ps Soil,IMG_0537,IMG_0537_36,1094,21.444916199999998
306 ps Soil,IMG_0537,IMG_0537_37,80,1.568184
306 ps Soil,IMG_0537,IMG_0537_38,779,15.2701917
306 ps Soil,IMG_0537,IMG_0537_39,970,19.014231
306 ps Soil,IMG_0537,IMG_0537_40,322,6.3119406
306 ps Soil,IMG_0537,IMG_0537_41,1055,20.6804265
306 ps Soil,IMG_0537,IMG_0537_42,499,9.781547699999999
306 ps Soil,IMG_0537,IMG_0537_43,322,6.3119406
306 ps Soil,IMG_0537,IMG_0537_44,140,2.744322
306 ps Soil,IMG_0537,IMG_0537_45,463,9.0758649
306 ps Soil,IMG_0537,IMG_0537_46,463,9.0758649
306 ps Soil,IMG_0537,IMG_0537_47,316,6.1943268
306 ps Soil,IMG_0537,IMG_0537_48,915,17.9361045
306 ps Soil,IMG_0537,IMG_0537_49,252,4.9397796
306 ps Soil,IMG_0537,IMG_0537_50,1201,23.5423623
306 ps Soil,IMG_0537,IMG_0537_51,182,3.5676186
306 ps Soil,IMG_0537,IMG_0537_52,603,11.8201869
